ticker,date,close,rsi,rsi_range,rsi_lo14,rsi_hi14,sma20,dist_sma50,dist_sma200,dd_252,ret_5d,ret_20d,range_pos_20,vol_ratio,vol_20d,atr_pct,bull_div_5,bear_div_5,rsi_lt30,rsi_lt25,extended,intra_exp,intra_p,h1_exp,h1_p,h2_exp,h2_p,h3_exp,h3_p,h4_exp,h4_p,h5_exp,h5_p,h6_exp,h6_p,h7_exp,h7_p,h8_exp,h8_p,h9_exp,h9_p,h10_exp,h10_p,h12_exp,h12_p,h14_exp,h14_p,h16_exp,h16_p,h18_exp,h18_p,h20_exp,h20_p,h25_exp,h25_p,h30_exp,h30_p,h40_exp,h40_p,h50_exp,h50_p,h60_exp,h60_p,h80_exp,h80_p,h100_exp,h100_p,h120_exp,h120_p,sw5_exp,sw5_p,sw5_conf,swing_best_h,swing_best_exp,swing_best_p,inv_best_h,inv_best_exp,inv_best_p,reason,intra_conf,swing_best_conf,inv_best_conf,in_dec,in_entry,in_entry_exp,sw_dec,sw_entry,sw_entry_exp,s5_dec,s5_entry,s5_entry_exp,iv_dec,iv_entry,iv_entry_exp,precedent
SUCE,2026-10-07,154.8,88.33523586084802,70.3 - 98.7,70.3,98.7,73.87,3.028501387074444,6.306625759631837,0.0,0.06758620689655181,9.610006854009596,0.9643764156771226,0.16272178025965064,1.3555941441529435,0.08119704254792706,0.0,0.0,0.0,0.0,True,1.14,50.9,-1.89,31.8,-2.28,28.4,5.77,26.9,6.01,25.3,3.53,28.4,0.68,31.0,-6.59,29.7,5.68,29.7,0.7,24.4,25.73,23.6,12.44,19.3,-12.15,18.2,9.62,18.7,-10.44,14.9,-12.83,18.7,-6.25,15.8,8.67,14.7,-13.33,22.9,-4.05,20.8,6.01,31.1,0.57,49.1,-8.87,45.7,-0.49,38.6,3.53,28.4,ضعيفة,10,25.73,23.6,60,6.01,31.1,ممتد - خطر مطاردة,متوسطة,ضعيفة,ضعيفة,انتظار 147.06,147.06,6.46,انتظار 147.06,147.06,32.35,انتظار 147.06,147.06,8.98,انتظار 147.06,147.06,11.59,لا سوابق
SAIB,2026-09-15,3.03,76.53089491001153,59.7 - 76.5,59.7,76.5,2.66,0.28795391916811397,0.5537082004934186,0.0,0.0,0.221774193548387,1.0,0.041101520756267974,0.07380556859313331,0.1439551857871397,0.0,0.0,0.0,0.0,True,17.8,90.8,-0.73,3.0,1.44,6.0,2.18,9.8,2.23,11.1,4.37,17.8,10.42,22.4,2.69,25.2,8.08,21.6,13.63,28.7,14.35,22.2,18.89,29.5,15.04,31.0,-8.82,32.7,-4.26,35.6,2.15,38.4,-11.94,27.8,20.38,21.6,-4.74,34.3,33.23,33.3,22.61,29.8,22.06,26.5,43.66,31.3,95.08,32.9,4.37,17.8,ضعيفة,10,14.35,22.2,120,95.08,32.9,ممتد - خطر مطاردة,قوية,ضعيفة,ضعيفة,انتظار 2.88,2.88,23.94,انتظار 2.88,2.88,20.31,انتظار 2.88,2.88,9.81,انتظار 2.88,2.88,105.24,لا سوابق
EFIH,2026-10-07,25.23,64.08070788150924,37.2 - 64.1,37.2,64.1,23.42,0.06659113583712384,0.17855341093817145,0.0,0.13546354635463564,0.05212677231025853,0.9729206963249516,1.7757072638085436,0.024331852730522043,0.03500121753463305,0.0,0.0,0.0,0.0,True,1.01,37.9,0.57,35.3,0.88,37.1,1.34,34.6,1.8,43.2,1.98,44.2,2.3,42.7,2.79,43.2,3.32,44.8,3.43,45.2,4.04,44.6,4.28,45.3,4.89,46.0,6.22,46.6,6.86,47.2,8.07,45.6,8.79,46.9,8.59,47.7,11.2,49.7,11.92,51.5,15.23,55.9,19.17,54.2,23.36,55.2,30.75,59.2,1.98,44.2,ضعيفة,20,8.07,45.6,120,30.75,59.2,ممتد - خطر مطاردة + سيولة عالية,ضعيفة,ضعيفة,متوسطة,انتظار 23.97,23.97,6.32,انتظار 23.97,23.97,13.75,انتظار 23.97,23.97,7.34,انتظار 23.97,23.97,37.62,2/2 (100%)
BONY,2026-10-07,4.36,53.09394236984276,21.4 - 53.1,21.4,53.1,4.26,-0.022799858872576295,0.07891132299530002,-0.17310262137848342,0.12082262210796912,-0.048034934497816484,0.6551724137931036,5.177823291351693,0.025266431748145114,0.0388346038058642,0.0,0.0,0.0,0.0,True,0.26,29.7,0.18,29.9,0.26,31.1,0.49,29.2,0.74,30.1,0.86,31.0,1.56,33.1,1.4,33.7,1.94,35.2,2.45,37.5,2.91,37.2,3.57,37.4,4.32,40.0,5.12,39.9,5.4,43.2,7.48,44.1,8.07,45.6,9.32,47.1,12.3,47.2,13.14,48.2,17.72,49.3,23.8,55.9,31.31,60.4,36.82,65.0,0.86,31.0,ضعيفة,20,7.48,44.1,120,36.82,65.0,ممتد - خطر مطاردة + هبوط>=15% من القمة + تحت متوسط50 + سيولة عالية,ضعيفة,ضعيفة,قوية,انتظار 4.26,4.26,2.61,انتظار 4.26,4.26,10.0,انتظار 4.26,4.26,3.23,انتظار 4.26,4.26,40.03,لا سوابق
ORAS,2026-10-07,877.02,62.434171101278615,39.1 - 62.4,39.1,62.4,834.67,0.09690709271217535,0.4123933482138542,-0.0022525597269624775,0.11001139096316925,0.020977881257275843,0.8703816793893129,2.4427130857488164,0.022587861752014566,0.034171067038919756,0.0,0.0,0.0,0.0,True,0.7,35.6,0.5,32.5,0.93,36.3,1.17,36.7,1.41,38.8,1.83,39.7,2.52,40.1,2.44,43.4,3.05,43.2,3.29,44.1,3.87,45.1,4.8,44.2,5.56,45.2,6.43,45.4,6.91,46.2,7.24,46.5,8.69,48.0,9.65,46.6,10.44,47.0,10.19,48.5,10.94,49.3,16.22,51.3,23.11,55.2,31.1,59.8,1.83,39.7,ضعيفة,20,7.24,46.5,120,31.1,59.8,ممتد - خطر مطاردة + سيولة عالية,ضعيفة,ضعيفة,متوسطة,انتظار 834.67,834.67,5.81,انتظار 834.67,834.67,12.68,انتظار 834.67,834.67,7.0,انتظار 834.67,834.67,37.75,2/6 (33%)
RAKT,2026-10-07,23.89,67.94522183137323,36.1 - 68.1,36.1,68.1,22.25,0.06559497577990503,0.03445214955173026,-0.1449534717251253,0.12159624413145531,0.06414253897550126,0.7531120331950211,0.824231990100608,0.02284147805846751,0.042464523354655156,0.0,0.0,0.0,0.0,True,0.41,32.4,0.35,30.3,0.65,31.3,0.92,35.3,1.23,31.6,1.38,35.4,1.77,39.0,2.05,38.2,2.37,38.2,2.67,38.4,2.65,39.3,3.63,41.0,4.53,41.6,5.27,42.3,6.26,43.6,6.85,43.4,8.78,46.7,9.91,47.2,11.68,50.8,14.74,53.0,20.43,56.6,24.2,60.3,29.05,63.1,33.56,63.5,1.38,35.4,ضعيفة,20,6.85,43.4,120,33.56,63.5,ممتد - خطر مطاردة + هبوط>=10% من القمة,ضعيفة,ضعيفة,قوية,انتظار 22.7,22.7,5.67,انتظار 22.7,22.7,12.45,انتظار 22.7,22.7,6.69,انتظار 22.7,22.7,40.56,5/5 (100%)
HRHO,2026-10-07,26.57,63.42898355510011,20.8 - 66.5,20.8,66.5,25.03,0.026486996028495913,-0.005045918797217719,-0.13901490602721966,0.11638655462184877,0.027852998065764023,0.895238095238095,0.8150639966418436,0.02113479905130761,0.026318697576601897,0.0,0.0,0.0,0.0,True,0.4,26.1,0.26,25.2,0.46,27.5,0.71,31.7,1.03,29.8,1.26,32.3,1.66,35.1,1.97,37.9,2.15,37.8,2.4,37.1,2.4,39.6,2.93,41.6,4.13,39.3,4.48,41.4,5.08,44.3,6.49,43.1,7.44,44.3,7.45,46.4,10.03,46.4,12.66,41.0,15.53,46.6,23.5,52.9,21.49,59.5,27.22,58.7,1.26,32.3,ضعيفة,20,6.49,43.1,120,27.22,58.7,ممتد - خطر مطاردة + هبوط>=10% من القمة,ضعيفة,ضعيفة,متوسطة,انتظار 25.24,25.24,5.69,انتظار 25.24,25.24,12.1,انتظار 25.24,25.24,6.6,انتظار 25.24,25.24,33.92,7/8 (88%)
ETEL,2026-10-07,148.0,72.19306133750248,63.4 - 78.8,63.4,78.8,136.43,0.20233903686144017,0.5417525872535605,-0.019867549668874163,0.10447761194029859,0.17469640447654577,0.7499218505783056,0.4126015415332375,0.024448334991192738,0.03823244738202809,0.0,0.0,0.0,0.0,True,0.56,36.5,0.41,35.9,0.99,37.6,1.52,40.0,1.92,37.0,2.09,39.4,2.71,39.7,2.94,41.8,2.87,40.7,3.16,42.9,3.57,42.4,4.23,42.8,4.8,43.8,5.24,41.6,5.56,41.9,6.34,43.3,7.22,47.0,7.81,46.0,9.48,50.0,11.32,51.9,15.88,52.7,20.56,52.3,24.58,52.9,26.81,56.2,2.09,39.4,ضعيفة,20,6.34,43.3,120,26.81,56.2,ممتد - خطر مطاردة,ضعيفة,ضعيفة,متوسطة,انتظار 140.6,140.6,5.85,انتظار 140.6,140.6,11.94,انتظار 140.6,140.6,7.46,انتظار 140.6,140.6,33.48,24/36 (67%)
ICFC,2026-10-07,23.2,57.07395298886084,42.9 - 62.8,42.9,62.8,22.7,0.12187856631656313,0.3949475241184621,-0.056910569105691144,0.11969111969111967,-0.03131524008350728,0.7604166666666663,0.5961258116562266,0.02901209152048694,0.054172299468512826,0.0,0.0,0.0,0.0,True,0.45,35.5,0.18,31.9,0.47,35.6,0.75,34.1,1.06,34.2,1.33,36.1,1.82,36.5,1.84,37.4,2.22,38.9,2.59,41.0,3.12,39.3,3.78,39.6,4.86,40.1,5.93,40.2,5.06,41.7,5.87,42.4,6.32,41.0,7.83,43.2,9.69,45.5,10.63,46.6,11.7,47.5,15.75,48.5,21.98,51.5,27.13,53.9,1.33,36.1,ضعيفة,20,5.87,42.4,120,27.13,53.9,ممتد - خطر مطاردة,ضعيفة,ضعيفة,متوسطة,انتظار 22.7,22.7,2.66,انتظار 22.7,22.7,8.2,انتظار 22.7,22.7,3.56,انتظار 22.7,22.7,29.93,2/4 (50%)
ARAB,2026-10-07,0.27,65.7992249584482,26.5 - 68.0,26.5,68.0,0.24,0.10894467462832091,0.343952560542232,-0.010869565217391353,0.18695652173913047,0.0748031496062993,0.9342105263157894,1.476700408944663,0.031867790514114216,0.043660823214562765,0.0,0.0,0.0,0.0,True,0.9,39.3,0.59,38.4,0.93,40.4,1.46,40.6,1.63,43.6,1.98,41.5,2.6,44.9,2.7,41.3,2.92,42.3,3.39,43.2,3.95,44.9,4.2,43.3,4.14,43.4,4.82,42.7,5.5,43.4,5.85,44.3,6.52,44.7,7.56,45.3,9.48,47.4,10.41,46.3,14.64,49.8,16.12,50.5,22.24,51.8,27.28,55.1,1.98,41.5,ضعيفة,20,5.85,44.3,120,27.28,55.1,ممتد - خطر مطاردة,ضعيفة,ضعيفة,متوسطة,انتظار 0.26,0.26,4.78,انتظار 0.26,0.26,9.92,انتظار 0.26,0.26,5.9,انتظار 0.26,0.26,32.18,3/5 (60%)
MBEG,2026-10-07,7.93,67.29513339175973,37.3 - 67.3,37.3,67.3,7.06,0.22804844054882767,0.7651641624930441,0.0,0.2627388535031847,0.12005649717514122,0.9285714285714286,1.8123931300693161,0.0416532963582874,0.058365450148868604,0.0,0.0,0.0,0.0,True,0.86,46.9,0.48,43.5,1.08,43.7,1.69,43.1,2.2,45.2,2.75,43.5,2.85,43.6,2.59,40.7,3.12,42.2,3.93,44.9,3.89,46.4,3.78,41.6,4.78,42.6,7.21,40.4,4.32,41.1,5.73,41.4,4.99,42.8,7.51,42.8,11.54,43.8,6.72,43.8,8.75,45.7,10.94,44.3,11.89,46.2,18.09,49.2,2.75,43.5,ضعيفة,20,5.73,41.4,120,18.09,49.2,ممتد - خطر مطاردة + سيولة عالية,ضعيفة,ضعيفة,ضعيفة,انتظار 7.53,7.53,6.22,انتظار 7.53,7.53,11.35,انتظار 7.53,7.53,8.21,انتظار 7.53,7.53,24.36,5/7 (71%)
AIH,2026-10-07,0.84,67.91744874209759,41.8 - 67.9,41.8,67.9,0.76,0.29712955779674144,0.9342225512765636,0.0,0.1282051282051282,0.04499999999999993,0.944954128440367,1.2900048165284947,0.03887501603202326,0.05530132668803976,0.0,0.0,0.0,0.0,True,0.9,47.0,0.72,44.9,1.32,42.3,2.14,42.1,2.44,42.0,2.52,43.2,5.77,43.9,4.63,42.4,3.56,42.7,3.78,43.4,4.48,43.6,5.55,41.2,4.28,41.7,3.92,39.2,5.02,40.3,5.6,39.3,7.03,40.2,8.07,42.5,8.74,45.3,8.68,45.6,10.92,48.0,13.93,46.4,15.18,48.1,18.15,49.2,2.52,43.2,ضعيفة,20,5.6,39.3,120,18.15,49.2,ممتد - خطر مطاردة,ضعيفة,ضعيفة,ضعيفة,انتظار 0.8,0.8,5.94,انتظار 0.8,0.8,10.88,انتظار 0.8,0.8,7.65,انتظار 0.8,0.8,24.06,7/14 (50%)
BIDI,2026-07-20,2.12,86.62474611720289,48.7 - 86.6,48.7,86.6,1.56,0.5016291259385182,0.6897816036983897,0.0,0.2544378698224854,0.49295774647887347,1.0,0.9872221621089039,0.0319847847420464,0.03944967155032413,0.0,0.0,0.0,0.0,True,2.49,61.8,2.46,63.7,2.83,58.9,4.16,60.2,5.01,56.2,5.41,55.2,4.76,54.1,2.57,51.3,6.08,50.4,5.78,50.5,4.72,48.9,6.89,49.4,5.2,50.4,2.29,49.8,4.02,48.3,6.79,47.8,7.94,46.9,9.1,49.4,21.43,51.4,33.95,50.8,16.91,51.1,19.71,50.5,25.03,55.2,21.01,52.1,5.41,55.2,متوسطة,5,5.41,55.2,120,21.01,52.1,ممتد - خطر مطاردة,قوية,متوسطة,متوسطة,انتظار 2.01,2.01,8.1,انتظار 2.01,2.01,11.18,انتظار 2.01,2.01,11.18,انتظار 2.01,2.01,27.63,5/5 (100%)
ATLC,2026-10-07,6.35,50.12377790998685,34.7 - 59.3,34.7,59.3,6.55,0.0355512067840833,0.26961911426572027,-0.16666666666666674,0.1420863309352518,-0.10689170182841079,0.4307116104868912,0.3357170984096005,0.046856558842315814,0.07879092414375345,0.0,0.0,0.0,0.0,True,-0.12,31.6,-0.11,29.4,-0.21,30.6,0.17,30.6,0.27,31.3,0.51,30.2,0.57,30.5,1.29,33.6,0.43,31.3,1.11,34.2,1.88,33.7,1.84,33.9,2.43,34.8,2.31,33.1,4.54,32.7,5.3,34.2,6.24,35.5,7.99,35.1,11.15,40.7,10.97,39.8,10.62,40.1,17.01,42.0,22.77,51.7,30.01,54.5,0.51,30.2,ضعيفة,20,5.3,34.2,120,30.01,54.5,ممتد - خطر مطاردة + هبوط>=15% من القمة,ضعيفة,ضعيفة,متوسطة,دخول حالا,6.35,-0.12,دخول حالا,6.35,5.3,دخول حالا,6.35,0.51,دخول حالا,6.35,30.01,لا سوابق
TWSA,2026-10-07,8.62,68.88021308360287,39.0 - 68.9,39.0,68.9,7.33,0.22725590136393392,0.7935546203199306,0.0,0.18244170096021928,0.22096317280453248,1.0,7.706102713032097,0.056378931115792646,0.05947069938212637,0.0,0.0,0.0,0.0,True,3.96,58.2,3.58,57.6,3.68,54.3,3.12,52.4,6.06,50.1,5.01,52.3,5.11,51.0,4.41,46.5,4.99,48.2,5.3,48.2,6.84,44.4,4.89,45.3,6.89,43.3,6.45,45.8,12.81,43.1,10.95,42.4,13.86,43.6,9.84,44.5,10.76,43.4,7.47,41.6,9.83,44.1,14.87,46.9,17.19,50.7,20.59,51.4,5.01,52.3,متوسطة,5,5.01,52.3,120,20.59,51.4,ممتد - خطر مطاردة + سيولة عالية,متوسطة,متوسطة,متوسطة,انتظار 8.19,8.19,9.42,انتظار 8.19,8.19,10.52,انتظار 8.19,8.19,10.52,انتظار 8.19,8.19,26.92,لا سوابق
IRON,2026-10-07,29.79,56.45691470416795,27.7 - 61.9,27.7,61.9,27.78,0.0021799685115659884,-0.07163002321704026,-0.3664398128455977,0.17793594306049831,0.015337423312883347,0.6602209944751379,2.3826779794591118,0.032479989682892785,0.04741889761960283,0.0,0.0,0.0,0.0,True,0.24,30.1,0.17,31.4,0.29,31.6,0.57,32.0,0.52,31.0,1.0,31.1,0.98,34.0,0.98,33.1,1.4,35.7,1.69,35.5,2.43,35.2,2.06,38.3,1.63,37.6,2.65,39.6,4.24,39.8,4.99,40.0,5.87,39.8,7.42,46.8,9.36,46.4,11.38,46.9,16.79,50.9,21.92,53.0,25.38,55.0,31.51,56.8,1.0,31.1,ضعيفة,20,4.99,40.0,120,31.51,56.8,ممتد - خطر مطاردة + هبوط>=15% من القمة + سيولة عالية,ضعيفة,ضعيفة,متوسطة,انتظار 28.3,28.3,5.52,انتظار 28.3,28.3,10.52,انتظار 28.3,28.3,6.32,انتظار 28.3,28.3,38.43,لا سوابق
ICLE,2026-09-08,18.91,56.08845631636112,33.5 - 57.4,33.5,57.4,18.4,0.05565943315090016,0.15854440652309876,-0.0022630847049620595,0.0,-0.00023516414541946418,0.9987423830484092,0.24740567658580168,0.06270830630435756,0.14788147351478226,0.0,0.0,0.0,0.0,True,17.54,89.5,-1.22,1.8,0.23,4.4,-1.0,6.8,-0.94,10.3,4.94,14.2,-0.09,16.5,-0.42,18.5,1.18,24.1,0.36,16.6,1.2,16.3,0.79,23.9,0.91,29.5,2.04,33.2,4.4,29.4,4.95,33.5,-0.01,48.8,2.23,58.3,-3.02,57.0,10.24,55.3,16.15,53.1,12.48,54.8,42.14,59.1,96.85,76.0,4.94,14.2,ضعيفة,20,4.95,33.5,120,96.85,76.0,ممتد - خطر مطاردة,قوية,ضعيفة,قوية,انتظار 18.4,18.4,20.8,انتظار 18.4,18.4,7.86,انتظار 18.4,18.4,7.85,انتظار 18.4,18.4,102.31,0/9 (0%)
ADRI,2026-10-07,13.6,67.13605105284032,55.4 - 73.0,55.4,73.0,12.1,0.29462160875773424,0.9042285074208904,-0.006574141709276837,0.1428571428571428,0.32038834951456296,0.9746835443037976,0.8705895548537508,0.03826325384550623,0.05671032374532824,0.0,0.0,0.0,0.0,True,1.28,47.5,0.51,41.2,0.95,41.7,1.65,43.2,1.88,46.2,2.02,42.7,2.76,42.7,3.57,42.7,2.71,42.3,2.97,41.0,3.53,45.0,3.78,43.1,4.41,43.7,3.68,41.2,4.36,38.7,4.93,42.0,5.88,40.2,7.93,43.4,10.26,46.6,9.06,45.1,10.48,49.8,12.52,49.6,14.3,47.9,17.77,49.2,2.02,42.7,ضعيفة,20,4.93,42.0,120,17.77,49.2,ممتد - خطر مطاردة,ضعيفة,ضعيفة,ضعيفة,انتظار 12.92,12.92,6.61,انتظار 12.92,12.92,10.45,انتظار 12.92,12.92,7.39,انتظار 12.92,12.92,23.97,5/19 (26%)
TALM,2026-10-07,21.71,60.50741307468867,44.1 - 62.2,44.1,62.2,20.84,0.1110428757126336,0.31500841944589153,-0.05196506550218327,0.14323328067403907,0.19944751381215475,0.5067985166872684,0.24804640789384894,0.05566543309207465,0.06650060732199775,0.0,0.0,0.0,0.0,True,0.35,33.1,0.05,32.8,0.38,33.3,0.68,34.1,0.97,33.4,1.3,33.1,1.74,34.6,1.6,34.7,2.06,37.0,1.34,39.1,2.69,37.0,2.34,36.0,2.87,36.8,2.93,36.2,4.83,37.3,4.86,37.9,6.16,39.7,6.94,40.9,10.26,44.8,13.33,44.6,16.72,45.3,19.99,49.2,23.75,52.7,28.36,56.1,1.3,33.1,ضعيفة,20,4.86,37.9,120,28.36,56.1,ممتد - خطر مطاردة,ضعيفة,ضعيفة,متوسطة,انتظار 20.84,20.84,4.54,انتظار 20.84,20.84,9.24,انتظار 20.84,20.84,5.53,انتظار 20.84,20.84,33.72,1/2 (50%)
MISR,2026-09-03,5.78,59.46836216167092,51.2 - 65.6,51.2,65.6,5.66,0.0746690465565969,0.09426175195471487,0.0,0.039568345323741205,0.1009523809523809,1.0,9.786890460228524e-05,0.02587365181723313,0.03844139296703057,0.0,0.0,0.0,0.0,True,2.23,76.9,-0.35,7.5,0.02,16.6,0.02,20.4,0.32,22.5,0.62,21.9,0.14,26.6,0.39,31.0,0.88,31.2,1.39,35.3,1.6,32.2,2.47,36.0,2.97,32.1,3.46,40.6,3.66,38.1,4.72,33.9,5.35,38.8,22.33,44.2,23.73,51.8,59.56,54.4,45.0,55.7,103.93,63.5,87.54,64.5,82.09,63.7,0.62,21.9,ضعيفة,20,4.72,33.9,120,82.09,63.7,ممتد - خطر مطاردة,قوية,ضعيفة,قوية,انتظار 5.66,5.66,4.4,انتظار 5.66,5.66,6.94,انتظار 5.66,5.66,2.75,انتظار 5.66,5.66,85.95,لا سوابق
EOSB,2026-10-07,1.64,54.436601618641305,54.4 - 54.4,54.4,54.4,1.64,0.010225452753480413,0.1919470891779924,0.0,0.0,0.0,1.0,1.538470997273261,0.008012705067564614,0.04372962141336978,0.0,0.0,0.0,0.0,True,2.14,75.8,0.14,5.8,0.28,11.5,0.54,14.8,0.78,16.5,0.86,25.1,0.56,26.3,1.09,28.1,1.05,26.1,1.48,31.8,1.25,36.9,1.95,37.0,1.73,38.1,1.64,40.4,2.94,58.0,4.61,53.2,9.96,65.5,16.09,55.6,16.05,65.9,56.95,55.3,41.87,57.9,23.07,68.4,73.21,63.8,66.41,80.4,0.86,25.1,ضعيفة,20,4.61,53.2,120,66.41,80.4,ممتد - خطر مطاردة + سيولة عالية,قوية,متوسطة,قوية,دخول حالا,1.64,2.14,دخول حالا,1.64,4.61,دخول حالا,1.64,0.86,دخول حالا,1.64,66.41,15/30 (50%)
SMFR,2026-10-07,232.15,48.728148821457424,24.2 - 52.2,24.2,52.2,230.85,-0.05480078954568546,0.12128226584508539,-0.14897906814765938,0.1054761904761905,-0.08476246796767195,0.5322612276917045,0.49200094546520784,0.029085323429116204,0.055209133399006315,0.0,0.0,0.0,0.0,True,0.12,30.4,0.06,27.9,0.26,28.9,0.4,31.4,0.73,32.2,0.69,32.5,1.11,34.5,1.33,36.4,1.55,35.0,1.79,37.3,2.12,37.1,1.84,37.3,3.08,37.9,3.03,36.9,3.35,40.7,4.13,38.2,6.2,40.9,7.63,42.6,10.12,46.6,11.47,47.8,12.71,47.2,21.13,55.1,28.57,57.0,33.45,61.2,0.69,32.5,ضعيفة,20,4.13,38.2,120,33.45,61.2,ممتد - خطر مطاردة + هبوط>=10% من القمة + تحت متوسط50,ضعيفة,ضعيفة,قوية,انتظار 230.85,230.85,0.68,انتظار 230.85,230.85,4.72,انتظار 230.85,230.85,1.26,انتظار 230.85,230.85,34.2,4/6 (67%)
ARCC,2026-10-07,71.07,52.31506704842317,27.4 - 58.0,27.4,58.0,69.93,0.01055343690546251,0.25259635712479156,-0.12096474953617808,0.1347596998243652,-0.06486842105263169,0.6711165048543688,0.6977155964631339,0.03605763954329216,0.04686140722976962,0.0,0.0,0.0,0.0,True,0.28,31.2,0.14,29.1,0.22,33.2,0.42,30.4,0.73,35.0,0.95,31.3,1.2,32.3,1.25,32.6,1.35,33.0,2.51,36.4,2.26,35.1,2.84,36.1,2.38,34.4,3.5,35.8,3.47,36.9,3.93,37.1,5.45,38.7,7.27,39.5,10.39,45.1,11.37,45.2,11.44,46.6,18.25,49.4,23.99,55.2,32.19,57.5,0.95,31.3,ضعيفة,20,3.93,37.1,120,32.19,57.5,ممتد - خطر مطاردة + هبوط>=10% من القمة,ضعيفة,ضعيفة,متوسطة,انتظار 69.93,69.93,1.91,انتظار 69.93,69.93,5.62,انتظار 69.93,69.93,2.6,انتظار 69.93,69.93,34.34,2/2 (100%)
FAITA,2026-10-07,1.01,65.05206476227168,43.2 - 65.1,43.2,65.1,0.99,0.0222069133200955,0.016512023856297908,-0.029807692307692424,0.022289766970617908,0.019191919191919204,1.0,1.5418901940450311,0.007556004464883113,0.008972924640504105,0.0,0.0,0.0,0.0,True,0.7,19.7,0.34,13.7,0.39,11.2,0.68,10.4,0.6,12.9,1.0,14.9,1.08,15.0,1.16,16.2,1.74,19.6,1.93,13.8,1.85,17.0,1.82,13.5,2.39,14.6,1.89,18.0,2.78,15.4,3.22,15.4,4.78,22.3,5.76,21.2,7.51,25.2,8.32,14.9,7.15,33.5,10.28,18.6,5.4,26.0,23.32,32.8,1.0,14.9,ضعيفة,20,3.22,15.4,120,23.32,32.8,ممتد - خطر مطاردة + سيولة عالية,ضعيفة,ضعيفة,ضعيفة,انتظار 0.99,0.99,2.73,انتظار 0.99,0.99,5.31,انتظار 0.99,0.99,3.04,انتظار 0.99,0.99,25.81,44/89 (49%)
MBSC,2026-10-07,377.0,55.03725811729942,29.5 - 62.0,29.5,62.0,355.21,0.06762875970989946,0.3267416211163774,-0.1804347826086956,0.2994175024988799,-0.11246086117192833,0.640794873641011,1.7947673302332552,0.06372326775838344,0.07034734107883774,0.0,0.0,0.0,0.0,True,0.51,33.1,-0.17,32.7,0.26,31.6,0.39,32.8,0.3,33.4,1.45,30.4,1.11,33.4,1.42,30.3,0.21,32.7,2.17,35.2,0.89,34.5,0.51,31.2,-1.27,32.3,0.57,30.2,1.88,27.7,3.03,30.8,3.34,34.2,3.88,32.0,7.34,41.6,10.38,43.2,10.77,41.3,17.14,48.6,20.76,56.7,29.54,51.9,1.45,30.4,ضعيفة,20,3.03,30.8,120,29.54,51.9,ممتد - خطر مطاردة + هبوط>=15% من القمة + سيولة عالية,ضعيفة,ضعيفة,متوسطة,انتظار 358.15,358.15,5.8,انتظار 358.15,358.15,8.45,انتظار 358.15,358.15,6.79,انتظار 358.15,358.15,36.36,لا سوابق
ROTO,2026-10-07,40.86,49.02130938165433,24.5 - 49.0,24.5,49.0,40.18,-0.06553170468423386,0.12813249344614652,-0.20675596971461851,0.10253642741500268,-0.05460434983803797,0.6846424384525206,1.2072490627256502,0.026349308027592354,0.04860726675907528,0.0,0.0,0.0,0.0,True,0.21,31.2,0.16,30.1,0.28,29.6,0.27,30.8,0.78,31.5,0.68,36.2,0.65,35.6,0.73,32.8,0.93,34.1,1.45,36.5,1.85,35.6,0.79,37.1,1.9,37.6,2.18,40.5,1.42,43.3,2.39,42.2,5.34,42.4,5.88,44.2,7.91,46.3,10.45,47.9,11.11,48.1,21.19,56.3,29.35,55.7,34.26,61.8,0.68,36.2,ضعيفة,20,2.39,42.2,120,34.26,61.8,ممتد - خطر مطاردة + هبوط>=15% من القمة + تحت متوسط50,ضعيفة,ضعيفة,قوية,انتظار 40.18,40.18,1.91,انتظار 40.18,40.18,4.12,انتظار 40.18,40.18,2.38,انتظار 40.18,40.18,36.53,لا سوابق
SWDY,2026-10-07,116.0,45.55693279914293,27.6 - 58.0,27.6,58.0,120.52,-0.022785936204770096,0.26569295598225406,-0.15316104540808873,0.10476190476190483,-0.11382734912146686,0.4468015665796346,0.8020610758346582,0.0385188681458205,0.0511360898758464,0.0,0.0,0.0,0.0,True,0.21,32.0,0.09,28.7,0.11,32.8,0.35,32.6,0.58,33.3,0.65,33.3,0.87,32.8,1.08,33.5,1.35,32.1,1.57,34.1,1.83,34.0,1.57,34.5,1.3,34.4,2.06,34.1,1.68,35.5,2.29,35.8,4.55,36.5,6.46,38.6,8.64,45.1,9.14,42.9,13.51,41.0,15.82,48.9,24.95,56.7,29.77,54.3,0.65,33.3,ضعيفة,20,2.29,35.8,120,29.77,54.3,ممتد - خطر مطاردة + هبوط>=15% من القمة + تحت متوسط50,ضعيفة,ضعيفة,متوسطة,دخول حالا,116.0,0.21,دخول حالا,116.0,2.29,دخول حالا,116.0,0.65,دخول حالا,116.0,29.77,1/1 (100%)
SIPC,2026-10-07,6.2,63.899865039697055,32.7 - 63.9,32.7,63.9,5.49,0.19432886423177687,0.5990302655163964,-0.015873015873015817,0.24,0.016393442622950838,0.8608695652173916,3.3843330579967605,0.05652226167960491,0.07080868849341432,0.0,0.0,0.0,0.0,True,0.56,39.6,-0.15,35.2,0.65,37.4,0.89,34.3,1.12,37.0,1.38,37.4,2.95,36.3,3.51,38.4,3.24,38.2,1.76,36.0,1.91,38.3,2.5,38.2,1.13,37.1,0.79,35.6,2.56,33.3,1.94,33.3,1.12,31.8,2.25,35.3,-1.08,40.2,1.45,36.4,3.1,36.5,1.96,37.6,7.11,40.8,14.87,48.1,1.38,37.4,ضعيفة,20,1.94,33.3,120,14.87,48.1,ممتد - خطر مطاردة + سيولة عالية,ضعيفة,ضعيفة,ضعيفة,انتظار 5.89,5.89,5.85,انتظار 5.89,5.89,7.31,انتظار 5.89,5.89,6.72,انتظار 5.89,5.89,20.92,لا سوابق
IRAX,2026-10-05,1250.0,53.03332006959342,53.0 - 53.0,53.0,53.0,1237.25,0.03953077742930833,0.02071225177626901,-0.3055555555555556,0.0,0.0,0.9803921568627451,0.08344923504867871,0.07295279173430223,0.017655824158878525,0.0,0.0,0.0,0.0,True,0.46,12.9,-1.29,4.5,-0.66,5.3,-0.62,5.1,-0.78,5.3,-0.68,6.8,-2.16,8.9,-2.27,7.5,-0.82,9.1,-2.76,8.0,-5.36,8.1,-3.46,13.5,-8.32,11.9,-4.93,12.4,-1.02,13.0,1.84,16.6,-1.12,15.1,-2.36,20.7,-9.16,7.7,-11.09,17.5,-7.81,12.9,-14.81,14.3,-19.32,14.7,-2.85,10.8,-0.68,6.8,ضعيفة,20,1.84,16.6,120,-2.85,10.8,ممتد - خطر مطاردة + هبوط>=15% من القمة,ضعيفة,ضعيفة,ضعيفة,انتظار 1237.25,1237.25,1.5,انتظار 1237.25,1237.25,2.89,انتظار 1237.25,1237.25,0.34,انتظار 1237.25,1237.25,-1.85,13/41 (32%)
GRCA,2026-10-07,37.7,39.77143682169712,29.8 - 40.5,29.8,40.5,39.93,-0.18258405345076356,0.005512314525318862,-0.39437751004016064,0.11078373600471436,-0.3256417136213219,0.22458818802732033,0.2139536831616012,0.052816234464738245,0.09117655017739376,0.0,0.0,0.0,0.0,True,-0.42,30.3,-0.48,25.3,-0.48,29.3,-0.62,31.7,-0.4,29.2,0.31,29.1,-0.4,30.5,0.75,29.2,1.13,27.5,1.71,32.8,1.39,34.0,1.61,34.1,1.9,32.9,1.01,28.8,0.81,30.5,1.73,25.9,1.46,34.2,3.44,32.8,4.39,35.4,8.34,33.1,9.83,43.7,9.33,41.8,11.22,40.9,16.49,55.1,0.31,29.1,ضعيفة,20,1.73,25.9,120,16.49,55.1,ممتد - خطر مطاردة + هبوط>=15% من القمة + تحت متوسط50,ضعيفة,ضعيفة,متوسطة,دخول حالا,37.7,-0.42,دخول حالا,37.7,1.73,دخول حالا,37.7,0.31,دخول حالا,37.7,16.49,لا سوابق
ISMA,2026-10-07,25.6,38.785685865205,25.1 - 43.7,25.1,43.7,28.02,-0.1881057492261632,0.16949446774296706,-0.3505834601725013,0.11255975662755313,-0.20323685029567384,0.2566371681415931,0.1992305917881994,0.04462800926652942,0.07620681127672152,0.0,0.0,0.0,0.0,True,0.17,29.4,-0.06,28.6,-0.28,29.7,-0.11,33.4,0.24,32.8,0.44,30.8,0.53,30.6,0.68,32.8,0.2,29.9,0.67,34.3,1.04,40.0,-0.26,34.6,0.54,34.2,-0.42,29.1,-0.36,25.2,-0.66,25.6,1.41,33.9,1.06,35.6,5.73,44.8,9.09,43.6,10.82,45.4,17.57,47.7,25.15,57.2,30.78,59.1,0.44,30.8,ضعيفة,10,1.04,40.0,120,30.78,59.1,ممتد - خطر مطاردة + هبوط>=15% من القمة + تحت متوسط50,ضعيفة,ضعيفة,متوسطة,دخول حالا,25.6,0.17,دخول حالا,25.6,1.04,دخول حالا,25.6,0.44,دخول حالا,25.6,30.78,لا سوابق
RUBX,2026-10-07,18.01,65.87708643593268,50.2 - 77.0,50.2,77.0,15.12,0.3185252430596228,0.612429647701316,0.0,0.2585604472396925,0.36130007558579,0.7602836879432627,1.0959393625423748,0.080264185684024,0.07734330650108037,0.0,0.0,0.0,0.0,True,0.65,37.2,0.36,39.8,0.49,39.2,1.01,34.5,2.01,40.6,0.46,33.5,1.61,36.1,3.38,31.9,-1.44,28.0,-0.11,35.5,-0.33,33.7,0.12,34.2,0.75,34.5,0.98,30.2,2.31,26.0,0.87,28.8,6.67,30.3,3.04,32.2,3.42,33.5,0.62,32.2,3.11,31.6,4.59,38.7,10.14,40.9,16.14,44.4,0.46,33.5,ضعيفة,20,0.87,28.8,120,16.14,44.4,ممتد - خطر مطاردة,ضعيفة,ضعيفة,ضعيفة,انتظار 17.11,17.11,5.94,انتظار 17.11,17.11,6.18,انتظار 17.11,17.11,5.74,انتظار 17.11,17.11,22.25,0/1 (0%)
OBRI,2026-10-07,28.36,45.49329953443719,16.8 - 50.8,16.8,50.8,28.91,-0.09371544710250979,-0.19548952164816846,-0.3311320754716981,0.18166666666666664,-0.1390406800242865,0.5398058252427183,0.6477796666395115,0.05326742110355775,0.057605401439951014,0.0,0.0,0.0,0.0,True,0.4,33.8,0.16,30.9,0.34,39.2,0.22,36.8,0.76,35.5,0.84,35.2,0.34,35.2,0.29,33.4,0.15,34.3,0.39,34.1,-0.26,33.8,-0.79,32.9,-1.61,30.0,-2.73,31.3,-1.06,34.4,-0.6,33.0,1.05,33.1,3.19,37.3,5.25,43.0,7.03,45.4,14.36,48.2,14.67,48.8,24.93,60.3,28.99,60.4,0.84,35.2,ضعيفة,5,0.84,35.2,120,28.99,60.4,ممتد - خطر مطاردة + هبوط>=15% من القمة + تحت متوسط50,ضعيفة,ضعيفة,قوية,دخول حالا,28.36,0.4,دخول حالا,28.36,0.84,دخول حالا,28.36,0.84,دخول حالا,28.36,28.99,لا سوابق
SCEM,2026-10-07,85.59,46.28547726591552,26.6 - 50.4,26.6,50.4,87.84,-0.06326952753061699,0.23109894891277372,-0.2289189189189189,0.12751943090501916,-0.1441,0.3894179894179895,0.6575083614865426,0.03502074183046899,0.053516812608590855,0.0,0.0,0.0,0.0,True,0.58,34.8,0.08,30.8,0.07,35.9,0.42,34.7,0.35,35.8,0.61,34.3,0.28,34.0,0.33,33.6,0.48,35.4,1.13,33.2,0.66,35.1,0.95,35.9,1.22,35.5,1.43,34.4,0.6,35.7,0.55,35.0,4.35,35.7,5.56,37.9,8.28,42.0,11.2,43.6,15.67,48.3,17.68,51.9,26.14,59.3,33.65,58.3,0.61,34.3,ضعيفة,10,0.66,35.1,120,33.65,58.3,ممتد - خطر مطاردة + هبوط>=15% من القمة + تحت متوسط50,ضعيفة,ضعيفة,متوسطة,دخول حالا,85.59,0.58,دخول حالا,85.59,0.66,دخول حالا,85.59,0.61,دخول حالا,85.59,33.65,0/3 (0%)
TOUR,2017-05-03,6.85,79.25527122542564,79.3 - 79.3,79.3,79.3,6.85,0.07667159158781534,0.06646323426382894,-0.011544011544011523,0.0,0.0,1.0,0.0,0.0,0.012968693706116002,0.0,0.0,0.0,0.0,True,0.32,1.0,0.06,0.6,0.05,1.8,-0.06,1.9,-0.28,2.1,0.21,2.9,0.11,7.1,0.33,4.5,-0.25,5.8,-0.3,4.8,-0.49,7.2,0.34,8.0,0.23,12.4,0.25,17.3,1.77,18.7,0.61,9.8,1.31,12.7,2.24,13.8,1.84,17.1,2.47,24.8,2.69,34.7,5.26,30.4,10.97,11.4,13.05,16.6,0.21,2.9,ضعيفة,20,0.61,9.8,120,13.05,16.6,ممتد - خطر مطاردة,ضعيفة,ضعيفة,ضعيفة,دخول حالا,6.85,0.32,دخول حالا,6.85,0.61,دخول حالا,6.85,0.21,دخول حالا,6.85,13.05,3/3 (100%)
DAPH,2026-10-07,106.63,47.79704167715058,30.3 - 49.1,30.3,49.1,108.66,-0.07551746919114055,0.1745617011151892,-0.24696327683615815,0.1358116744780571,-0.1797692307692308,0.3957110609480812,2.9156518688236774,0.037642515802204804,0.08848552145568139,0.0,0.0,0.0,0.0,True,0.17,33.2,0.15,32.4,0.01,32.5,-0.09,33.3,-0.01,32.3,0.4,27.0,-1.37,28.5,-1.04,28.1,-0.64,28.4,0.57,32.1,-0.51,27.8,-2.58,29.1,-2.12,31.5,-0.35,27.7,-1.67,27.8,-0.78,31.9,2.1,32.3,3.75,29.5,4.24,35.4,6.78,36.7,11.05,40.0,18.96,46.9,28.31,57.1,34.79,56.8,0.4,27.0,ضعيفة,5,0.4,27.0,120,34.79,56.8,ممتد - خطر مطاردة + هبوط>=15% من القمة + تحت متوسط50 + سيولة عالية,ضعيفة,ضعيفة,متوسطة,دخول حالا,106.63,0.17,دخول حالا,106.63,0.4,دخول حالا,106.63,0.4,دخول حالا,106.63,34.79,لا سوابق
NDRL,2026-10-07,5.62,59.07928280003502,37.2 - 64.4,37.2,64.4,4.57,0.2422085672605101,0.20897914403416107,0.0,0.19829424307036247,0.1957446808510639,1.0,0.06629101756711966,0.19393338603667234,0.12530034134550389,0.0,0.0,0.0,0.0,True,15.42,81.0,-5.61,5.1,-8.0,7.5,-5.41,10.5,-6.48,9.8,-5.32,10.1,-10.75,15.6,-8.12,14.1,-3.0,21.2,-4.74,16.9,-7.16,19.0,-7.26,21.9,-2.71,26.6,-1.13,26.4,-5.82,22.6,0.26,26.7,-13.25,22.3,-2.52,24.7,3.5,35.6,125.97,34.4,172.81,37.7,153.11,34.7,214.18,37.9,158.83,45.9,-5.32,10.1,ضعيفة,20,0.26,26.7,60,172.81,37.7,ممتد - خطر مطاردة,قوية,ضعيفة,ضعيفة,انتظار 5.34,5.34,21.47,انتظار 5.34,5.34,5.52,انتظار 5.34,5.34,-0.36,انتظار 5.34,5.34,187.11,0/5 (0%)
TRTO,2026-10-07,0.07,62.93729687290968,43.9 - 62.9,43.9,62.9,0.06,0.27212389380530966,0.8141185749967135,-0.14814814814814814,0.21052631578947367,-0.07999999999999985,0.6956521739130438,0.3737134898548729,0.04752283310202316,0.08277844223870154,0.0,0.0,0.0,0.0,True,0.16,31.0,-0.34,26.8,-0.27,30.0,-0.25,31.2,-0.03,33.2,0.22,30.1,0.82,31.4,0.81,29.9,0.89,27.4,0.99,29.5,-0.22,29.5,-0.1,27.8,-0.94,28.9,1.48,30.5,-0.41,29.1,0.16,31.3,5.3,33.7,-0.75,33.2,-1.64,34.2,0.65,29.5,0.17,34.2,6.94,35.3,7.16,40.2,14.13,35.7,0.22,30.1,ضعيفة,5,0.22,30.1,120,14.13,35.7,ممتد - خطر مطاردة + هبوط>=10% من القمة,ضعيفة,ضعيفة,ضعيفة,دخول حالا,0.07,0.16,دخول حالا,0.07,0.22,دخول حالا,0.07,0.22,دخول حالا,0.07,14.13,1/2 (50%)
DTPP,2026-10-07,305.0,49.70807712899448,38.0 - 62.9,38.0,62.9,317.95,0.018319739043046512,0.7913221308158505,-0.15689960194604158,0.10247605277426364,0.007964572523877278,0.4230325409646896,0.5754843221122516,0.0633877457560675,0.0738003352480549,0.0,0.0,0.0,0.0,True,-0.04,27.1,0.02,28.0,-0.27,27.5,-0.04,26.3,-0.36,24.5,0.03,28.7,-2.12,26.3,0.28,26.4,-0.5,25.1,-0.13,28.7,-0.42,26.2,-0.54,29.0,-1.59,27.3,-2.52,23.4,-2.46,21.0,-3.39,21.0,-2.73,23.7,-2.56,26.0,-3.58,23.2,-0.46,24.0,0.36,26.3,6.87,28.9,7.95,35.5,16.82,41.4,0.03,28.7,ضعيفة,5,0.03,28.7,120,16.82,41.4,ممتد - خطر مطاردة + هبوط>=15% من القمة,ضعيفة,ضعيفة,ضعيفة,دخول حالا,305.0,-0.04,دخول حالا,305.0,0.03,دخول حالا,305.0,0.03,دخول حالا,305.0,16.82,4/11 (36%)
DEIN,2026-10-07,12.42,70.91587748942669,49.0 - 70.9,49.0,70.9,12.41,0.0006718085115975381,0.028256917778173074,0.0,0.0008800814307008409,0.0008800814307008409,1.0,0.010845398839542325,0.00019679219047823504,0.16627931825858433,0.0,0.0,0.0,0.0,True,10.92,61.1,-0.52,1.0,-0.36,1.1,-0.62,1.4,-0.64,2.1,-0.3,2.8,-1.4,3.3,-1.99,3.6,-1.38,3.6,-0.85,4.0,-2.02,10.1,-3.97,3.9,-2.32,6.0,-3.25,7.5,-2.62,7.5,-3.16,5.0,-5.34,1.6,6.54,6.3,-18.01,6.7,-13.23,4.9,-31.65,6.2,35.74,7.3,-7.81,6.0,102.46,9.0,-0.3,2.8,ضعيفة,5,-0.3,2.8,120,102.46,9.0,ممتد - خطر مطاردة,قوية,ضعيفة,ضعيفة,انتظار 12.41,12.41,11.01,انتظار 12.41,12.41,-0.22,انتظار 12.41,12.41,-0.22,انتظار 12.41,12.41,102.62,1/4 (25%)
AMER,2026-10-07,5.03,49.7266809473837,32.0 - 49.7,32.0,49.7,4.97,-0.08810732414793321,0.6063615750646698,-0.2965034965034965,0.17249417249417265,-0.09041591320072329,0.5697674418604655,0.9532472128177721,0.04270583744173455,0.07354152484848618,0.0,0.0,0.0,0.0,True,0.0,31.5,-0.07,30.3,-0.04,27.5,-0.38,29.7,-0.5,27.9,-0.42,31.6,-2.44,28.8,-2.29,28.5,-2.32,29.0,-2.42,28.8,-4.0,27.7,-5.86,26.2,-5.85,21.8,-5.29,17.7,-7.8,18.2,-8.11,17.0,-6.42,19.3,-11.32,18.2,-6.71,20.3,-5.3,24.4,-3.47,24.0,2.89,38.0,9.62,37.2,16.3,45.1,-0.42,31.6,ضعيفة,5,-0.42,31.6,120,16.3,45.1,ممتد - خطر مطاردة + هبوط>=15% من القمة + تحت متوسط50,ضعيفة,ضعيفة,ضعيفة,انتظار 4.97,4.97,1.21,انتظار 4.97,4.97,0.78,انتظار 4.97,4.97,0.78,انتظار 4.97,4.97,17.7,0/1 (0%)
CRST,2026-10-07,3.1,47.94233643067106,34.5 - 72.9,34.5,72.9,3.41,0.02723838557889846,1.2088031493257807,-0.21914357682619645,0.13138686131386845,0.0,0.5285714285714287,0.37152217928782144,0.07950195502530592,0.09689593071771797,0.0,0.0,0.0,0.0,True,-0.75,29.9,0.18,33.8,-0.22,29.3,-0.86,30.0,-1.25,29.4,-0.56,28.9,-1.01,30.9,-2.45,22.3,-3.23,29.8,-2.59,38.9,-1.62,25.0,-3.76,25.1,-5.91,21.8,-6.39,14.3,-7.36,12.4,-9.49,10.4,-15.81,17.4,-19.76,15.4,-17.93,13.4,-17.58,16.3,-12.73,18.8,-7.63,19.2,1.23,27.0,12.08,29.3,-0.56,28.9,ضعيفة,5,-0.56,28.9,120,12.08,29.3,ممتد - خطر مطاردة + هبوط>=15% من القمة,ضعيفة,ضعيفة,ضعيفة,دخول حالا,3.1,-0.75,دخول حالا,3.1,-0.56,دخول حالا,3.1,-0.56,دخول حالا,3.1,12.08,0/1 (0%)
