source,list,ticker,entry_date,entry_price,horizon,exit_date,pred_pct,prob,actual_pct,result
مباشر,انتراداي,WATP,2026-10-07,22.0,1,,1.27,22.7,,معلقة
مباشر,انتراداي,PRCL,2026-10-07,25.62,1,,1.11,31.4,,معلقة
مباشر,انتراداي,AMES,2026-10-07,46.35,1,,0.88,32.3,,معلقة
مباشر,انتراداي,COSG,2026-10-07,1.61,1,,0.77,31.7,,معلقة
مباشر,انتراداي,GGCC,2026-10-07,0.72,1,,0.75,31.9,,معلقة
مباشر,انتراداي,AMOC,2026-10-07,14.48,1,,0.68,40.1,,معلقة
مباشر,انتراداي,MCQE,2026-10-07,196.73,1,,0.63,34.8,,معلقة
مباشر,انتراداي,CPCI,2026-10-07,600.0,1,,0.63,31.8,,معلقة
مباشر,مضاربة,SPHT,2026-10-07,1.15,20,,40.73,58.3,,معلقة
مباشر,مضاربة,SMPP,2026-10-07,100.0,10,,20.52,38.3,,معلقة
مباشر,مضاربة,EITP,2026-10-07,8.1,20,,15.88,24.9,,معلقة
مباشر,مضاربة,EAST,2026-10-07,28.21,20,,15.29,44.6,,معلقة
مباشر,مضاربة,WATP,2026-10-07,22.0,20,,14.04,41.7,,معلقة
مباشر,مضاربة,DGTZ,2026-10-07,2.2,20,,12.75,43.7,,معلقة
مباشر,مضاربة,NBKE,2026-10-07,35.29,20,,8.94,40.0,,معلقة
مباشر,مضاربة,TYCN,2026-10-07,12.84,20,,8.39,38.0,,معلقة
مباشر,مضاربة (5 أيام),SPHT,2026-10-07,1.15,5,,26.74,58.2,,معلقة
مباشر,مضاربة (5 أيام),AMOC,2026-10-07,14.48,5,,2.66,43.0,,معلقة
مباشر,مضاربة (5 أيام),SDTI,2026-10-07,87.0,5,,2.52,39.3,,معلقة
مباشر,مضاربة (5 أيام),WATP,2026-10-07,22.0,5,,2.5,49.3,,معلقة
مباشر,مضاربة (5 أيام),SMPP,2026-10-07,100.0,5,,2.39,47.8,,معلقة
مباشر,مضاربة (5 أيام),AJWA,2026-10-07,196.16,5,,2.24,39.7,,معلقة
مباشر,مضاربة (5 أيام),CPCI,2026-10-07,600.0,5,,2.03,40.2,,معلقة
مباشر,مضاربة (5 أيام),GPIM,2026-10-07,1.88,5,,1.79,35.1,,معلقة
مباشر,استثمار,SPHT,2026-10-07,1.15,120,,88.23,58.3,,معلقة
مباشر,استثمار,DGTZ,2026-10-07,2.2,60,,84.77,72.4,,معلقة
مباشر,استثمار,WATP,2026-10-07,22.0,60,,63.91,66.7,,معلقة
مباشر,استثمار,BIGP,2026-10-07,0.24,120,,56.26,65.4,,معلقة
مباشر,استثمار,MFSC,2026-10-07,43.91,120,,47.95,65.4,,معلقة
مباشر,استثمار,CLHO,2026-10-07,15.35,120,,44.34,70.1,,معلقة
مباشر,استثمار,UEGC,2026-10-07,1.55,120,,43.79,48.0,,معلقة
مباشر,استثمار,MTIE,2026-10-07,8.06,120,,41.99,65.5,,معلقة
