ticker,date,close,rsi,rsi_range,sma20,extended,reason,intra_exp,intra_p,h1_exp,h1_p,h2_exp,h2_p,h3_exp,h3_p,h4_exp,h4_p,h5_exp,h5_p,h6_exp,h6_p,h7_exp,h7_p,h8_exp,h8_p,h9_exp,h9_p,h10_exp,h10_p,h12_exp,h12_p,h14_exp,h14_p,h16_exp,h16_p,h18_exp,h18_p,h20_exp,h20_p,h25_exp,h25_p,h30_exp,h30_p,h40_exp,h40_p,h50_exp,h50_p,h60_exp,h60_p,h80_exp,h80_p,h100_exp,h100_p,h120_exp,h120_p,prec_intra,prec_1,prec_2,prec_3,prec_4,prec_5,prec_6,prec_7,prec_8,prec_9,prec_10,prec_12,prec_14,prec_16,prec_18,prec_20,prec_25,prec_30,prec_40,prec_50,prec_60,prec_80,prec_100,prec_120
ABUK,2026-10-07,90.0,55.20753992923889,46.2 - 66.1,89.85,False,زخم سعري,0.27,30.1,0.25,30.1,0.4,29.4,0.66,30.6,1.0,32.4,0.55,31.3,1.19,26.1,0.95,30.8,1.6,31.0,1.93,31.5,2.24,31.7,1.5,34.5,2.59,32.0,3.07,39.3,3.87,42.2,5.08,41.6,6.78,45.1,7.92,49.0,10.38,44.4,12.96,40.9,9.94,46.2,19.16,42.6,23.18,57.1,24.65,60.6,11/20 (55%),11/20 (55%),13/20 (65%),13/20 (65%),12/19 (63%),11/19 (58%),11/19 (58%),13/19 (68%),11/19 (58%),10/19 (53%),11/19 (58%),10/19 (53%),9/19 (47%),13/19 (68%),11/19 (58%),10/19 (53%),10/19 (53%),9/19 (47%),9/19 (47%),9/19 (47%),9/19 (47%),8/19 (42%),16/18 (89%),11/12 (92%)
ACGC,2026-10-07,14.33,54.13640076332919,46.9 - 59.6,14.32,False,زخم سعري,0.03,27.7,0.08,26.2,0.01,23.0,-0.42,23.1,-0.81,23.6,-0.0,25.1,-0.36,24.2,-0.65,26.4,0.98,30.8,0.01,22.9,1.97,27.7,0.93,33.6,0.55,32.6,2.79,32.1,1.82,32.6,2.11,38.8,3.05,44.2,5.47,43.9,7.31,50.6,7.76,48.0,11.09,53.4,13.94,41.3,11.42,65.8,18.37,62.9,60/114 (53%),59/114 (52%),57/114 (50%),53/114 (46%),63/114 (55%),63/114 (55%),65/114 (57%),62/114 (54%),62/114 (54%),61/114 (54%),67/114 (59%),65/114 (57%),65/113 (58%),70/112 (62%),73/112 (65%),75/112 (67%),77/112 (69%),81/112 (72%),77/112 (69%),82/112 (73%),81/112 (72%),77/109 (71%),79/107 (74%),77/107 (72%)
ADIB,2026-10-07,47.8,33.1384819469167,33.1 - 51.2,51.03,False,هبوط>=10% من القمة + تحت متوسط50,-0.09,19.2,-0.04,22.5,0.09,20.3,0.41,21.3,0.37,25.1,-0.6,20.1,0.19,22.1,0.29,18.2,0.27,25.1,-0.51,24.0,-0.18,17.6,-0.05,28.5,1.54,27.9,1.7,30.2,3.97,35.5,3.1,36.2,6.46,37.6,7.25,47.1,9.3,48.3,11.42,54.1,13.89,52.5,20.8,57.6,24.98,72.2,32.02,63.6,16/34 (47%),16/34 (47%),18/33 (55%),16/32 (50%),14/32 (44%),14/32 (44%),17/31 (55%),15/31 (48%),15/31 (48%),14/31 (45%),16/31 (52%),12/31 (39%),10/31 (32%),9/31 (29%),11/31 (35%),15/31 (48%),24/31 (77%),26/31 (84%),30/31 (97%),31/31 (100%),31/31 (100%),31/31 (100%),31/31 (100%),31/31 (100%)
AMOC,2026-10-07,14.48,66.55815831563582,52.5 - 71.1,13.6,False,سيولة عالية,0.41,34.0,0.45,30.7,0.7,40.7,0.73,37.8,0.69,37.5,0.99,32.8,0.51,38.3,1.29,38.2,-0.56,37.6,0.47,28.7,-0.12,35.3,0.75,31.3,0.1,26.6,-3.43,32.8,-0.46,34.5,0.71,33.4,0.7,34.3,4.58,33.3,2.6,42.9,3.39,44.0,2.5,53.7,7.25,37.8,12.41,49.9,17.07,54.5,11/24 (46%),11/24 (46%),11/23 (48%),9/23 (39%),11/23 (48%),10/23 (43%),12/23 (52%),12/23 (52%),12/23 (52%),12/23 (52%),12/23 (52%),12/23 (52%),11/23 (48%),9/23 (39%),10/23 (43%),8/23 (35%),8/23 (35%),10/23 (43%),11/23 (48%),10/21 (48%),9/21 (43%),9/21 (43%),12/20 (60%),13/20 (65%)
ARCC,2026-10-07,71.07,52.31506704842317,27.4 - 58.0,69.93,True,ممتد - خطر مطاردة + هبوط>=10% من القمة,0.36,32.3,0.24,32.0,0.13,33.8,0.75,33.3,0.78,36.8,2.35,42.7,3.46,33.5,2.21,38.7,2.22,30.1,1.85,35.8,4.64,42.9,5.1,36.2,5.14,47.7,3.39,34.8,3.97,43.7,3.22,36.3,3.4,40.3,7.31,48.9,9.49,48.3,8.01,48.2,9.0,41.9,16.1,47.4,23.6,61.5,22.2,68.1,2/4 (50%),2/4 (50%),1/3 (33%),2/2 (100%),2/2 (100%),2/2 (100%),2/2 (100%),2/2 (100%),2/2 (100%),2/2 (100%),2/2 (100%),2/2 (100%),2/2 (100%),2/2 (100%),2/2 (100%),2/2 (100%),2/2 (100%),2/2 (100%),2/2 (100%),2/2 (100%),2/2 (100%),2/2 (100%),2/2 (100%),2/2 (100%)
ATQA,2026-10-07,12.25,52.91405413548976,36.7 - 74.6,12.4,False,زخم سعري,0.36,30.3,0.44,33.9,0.69,36.4,0.46,34.9,0.92,42.0,1.82,34.8,2.42,36.8,2.24,37.3,3.74,40.5,4.69,42.9,5.66,41.8,4.62,39.5,5.15,40.7,7.18,40.5,5.5,49.3,7.11,41.9,7.33,50.4,11.1,48.7,12.62,45.2,10.69,41.4,10.19,46.7,20.19,49.8,15.09,58.0,22.77,59.2,8/14 (57%),8/14 (57%),9/14 (64%),6/14 (43%),6/14 (43%),9/14 (64%),8/14 (57%),7/14 (50%),6/14 (43%),7/14 (50%),6/14 (43%),7/14 (50%),6/14 (43%),7/14 (50%),6/14 (43%),8/14 (57%),10/14 (71%),10/14 (71%),10/14 (71%),10/14 (71%),8/14 (57%),10/14 (71%),8/14 (57%),9/14 (64%)
CIRA,2026-10-07,39.42,55.12355612787473,49.9 - 65.5,39.36,False,زخم سعري,0.24,29.0,0.23,29.9,0.25,30.6,0.55,42.2,0.37,32.0,0.35,26.2,0.61,28.8,0.75,31.3,0.85,32.5,1.33,28.9,1.88,32.9,1.55,37.0,3.15,37.9,1.25,32.7,4.11,34.4,3.91,40.1,6.19,38.7,10.94,54.3,13.34,62.2,7.6,51.1,17.53,51.5,12.97,62.1,13.81,64.2,17.57,58.4,30/85 (35%),31/85 (36%),28/84 (33%),27/83 (33%),28/82 (34%),30/81 (37%),27/81 (33%),28/81 (35%),25/81 (31%),23/81 (28%),23/81 (28%),27/81 (33%),29/81 (36%),25/80 (31%),24/80 (30%),23/79 (29%),20/79 (25%),17/79 (22%),21/79 (27%),21/79 (27%),20/79 (25%),26/79 (33%),30/79 (38%),36/79 (46%)
CLHO,2026-10-07,15.35,38.363697258902434,26.8 - 48.1,15.75,False,هبوط>=15% من القمة + تحت متوسط50,0.09,27.8,0.05,27.1,0.44,37.3,0.29,38.1,1.41,35.7,1.41,32.0,0.85,34.1,1.16,34.6,1.78,43.6,3.18,32.1,3.47,41.6,4.53,47.0,4.13,47.3,6.06,55.3,5.38,49.1,3.63,59.7,6.69,52.7,9.97,67.0,11.59,71.6,15.23,62.3,16.18,73.7,32.7,57.4,42.28,80.5,41.89,72.1,2/4 (50%),2/4 (50%),1/3 (33%),1/2 (50%),1/2 (50%),1/1 (100%),1/1 (100%),1/1 (100%),1/1 (100%),1/1 (100%),1/1 (100%),1/1 (100%),1/1 (100%),1/1 (100%),1/1 (100%),1/1 (100%),1/1 (100%),1/1 (100%),1/1 (100%),1/1 (100%),1/1 (100%),0/1 (0%),0/1 (0%),0/1 (0%)
ECAP,2026-10-07,30.1,34.98774473203636,29.9 - 40.3,31.27,False,هبوط>=15% من القمة + تحت متوسط50,0.15,28.9,0.14,30.5,0.62,35.7,0.78,38.8,1.46,34.7,1.87,41.1,2.88,43.1,2.27,45.3,2.57,44.5,3.1,44.4,3.79,46.8,4.74,47.0,6.03,62.0,6.05,52.6,6.01,56.5,4.39,47.0,3.18,42.5,6.65,50.1,14.91,54.1,20.44,59.7,20.43,57.0,40.84,64.9,52.03,78.6,46.86,79.6,13/36 (36%),13/36 (36%),14/35 (40%),13/34 (38%),12/33 (36%),11/32 (34%),15/32 (47%),12/32 (38%),15/32 (47%),15/32 (47%),17/31 (55%),20/29 (69%),18/28 (64%),16/27 (59%),16/26 (62%),14/26 (54%),12/26 (46%),12/26 (46%),13/26 (50%),14/26 (54%),20/26 (77%),24/26 (92%),25/26 (96%),25/26 (96%)
EFID,2026-10-07,19.07,41.94838626860496,31.7 - 53.7,19.8,False,هبوط>=15% من القمة + تحت متوسط50,0.29,29.1,0.3,32.4,0.51,33.5,0.82,36.6,1.06,38.0,1.31,39.5,1.19,40.1,1.05,36.5,1.78,40.4,2.19,37.5,1.53,40.5,1.96,38.0,3.37,39.1,3.86,51.4,4.07,42.7,4.91,47.3,6.71,48.3,7.48,58.3,9.89,55.2,10.91,53.4,13.53,57.2,15.82,51.1,28.2,70.4,34.54,79.8,14/29 (48%),14/29 (48%),13/28 (46%),14/27 (52%),15/26 (58%),13/26 (50%),10/26 (38%),12/26 (46%),13/26 (50%),12/26 (46%),12/26 (46%),9/26 (35%),8/26 (31%),8/26 (31%),8/26 (31%),8/26 (31%),12/26 (46%),13/26 (50%),13/26 (50%),15/25 (60%),15/25 (60%),14/24 (58%),15/23 (65%),19/23 (83%)
EFIH,2026-10-07,25.23,64.08070788150924,37.2 - 64.1,23.42,True,ممتد - خطر مطاردة + سيولة عالية,0.68,36.6,0.89,35.2,1.28,42.5,2.14,46.1,4.04,48.5,2.74,50.7,2.94,52.2,4.57,54.1,6.52,49.1,5.72,54.1,8.05,49.0,6.38,49.1,7.55,53.0,8.71,51.6,10.19,57.5,10.98,59.2,9.8,50.2,6.67,47.8,11.47,40.0,7.83,42.5,8.8,40.0,14.88,56.9,17.84,61.3,22.43,63.1,1/3 (33%),1/3 (33%),0/2 (0%),0/2 (0%),0/2 (0%),0/2 (0%),0/2 (0%),0/2 (0%),0/2 (0%),0/2 (0%),0/2 (0%),1/2 (50%),0/2 (0%),0/2 (0%),1/2 (50%),2/2 (100%),2/2 (100%),2/2 (100%),1/2 (50%),1/2 (50%),1/2 (50%),لا سوابق,لا سوابق,لا سوابق
EGAL,2026-10-07,339.4,40.82186389817456,36.9 - 61.6,355.84,False,هبوط>=10% من القمة + تحت متوسط50 + سيولة عالية,0.04,28.1,0.09,29.5,0.29,36.2,0.57,34.7,1.39,32.7,1.29,31.6,0.79,31.0,1.18,35.1,1.46,41.7,1.98,28.2,1.74,31.9,1.87,35.0,2.16,36.4,1.53,39.0,1.0,31.5,3.55,32.3,1.69,39.1,3.04,42.0,8.72,37.7,5.51,46.4,12.56,53.7,13.26,48.6,27.78,63.3,32.45,72.4,15/36 (42%),15/36 (42%),19/35 (54%),16/34 (47%),14/33 (42%),19/33 (58%),17/33 (52%),19/33 (58%),19/33 (58%),19/33 (58%),19/33 (58%),17/33 (52%),14/33 (42%),14/33 (42%),18/33 (55%),15/33 (45%),21/33 (64%),29/33 (88%),28/33 (85%),31/32 (97%),32/32 (100%),26/30 (87%),24/30 (80%),30/30 (100%)
EGAS,2026-10-07,56.15,46.89533171941542,40.0 - 56.0,56.74,False,تحت متوسط50,0.09,27.9,0.12,30.0,0.4,30.1,0.76,33.6,0.94,35.6,0.86,35.1,1.07,27.8,1.46,28.3,1.14,28.6,0.62,26.7,1.36,32.0,1.53,30.0,1.06,25.4,-0.27,26.7,1.72,27.7,2.5,24.0,-0.1,23.2,1.15,36.3,2.41,31.3,1.18,35.7,0.83,32.6,10.1,31.8,7.24,42.8,16.52,41.4,33/72 (46%),34/72 (47%),33/71 (46%),33/70 (47%),32/70 (46%),33/69 (48%),35/69 (51%),35/68 (51%),32/67 (48%),33/67 (49%),28/67 (42%),27/66 (41%),28/65 (43%),25/65 (38%),24/65 (37%),23/65 (35%),20/65 (31%),19/64 (30%),21/64 (33%),28/64 (44%),30/64 (47%),31/60 (52%),42/60 (70%),42/58 (72%)
EMFD,2026-10-07,12.7,43.77882006308039,34.7 - 57.7,13.47,False,هبوط>=10% من القمة + تحت متوسط50,0.37,35.2,0.29,35.9,0.61,44.8,1.42,43.1,2.05,61.2,1.73,41.9,2.59,47.8,4.13,43.7,3.26,45.6,3.27,42.5,1.55,41.8,1.75,43.1,5.81,43.3,4.46,42.1,5.83,45.2,8.28,39.3,8.83,46.8,13.5,47.1,15.75,52.2,12.25,50.1,14.72,52.2,14.27,50.4,21.8,58.6,25.29,57.7,56/107 (52%),54/107 (50%),49/107 (46%),48/107 (45%),52/107 (49%),54/106 (51%),60/106 (57%),62/106 (58%),58/106 (55%),56/106 (53%),61/105 (58%),64/104 (62%),61/103 (59%),60/103 (58%),62/103 (60%),62/103 (60%),63/103 (61%),62/103 (60%),62/103 (60%),61/102 (60%),69/102 (68%),75/101 (74%),76/99 (77%),80/99 (81%)
ETEL,2026-10-07,148.0,72.19306133750248,63.4 - 78.8,136.43,True,ممتد - خطر مطاردة,0.66,32.8,0.58,36.3,1.02,38.9,0.92,35.4,1.9,38.2,0.67,41.7,1.24,40.3,0.72,44.7,1.45,45.8,2.27,45.5,0.29,42.6,2.33,36.3,2.6,31.5,1.84,43.8,1.03,48.1,1.12,45.2,0.73,38.0,2.28,34.9,3.16,35.9,6.02,36.8,9.1,42.4,12.43,55.3,17.01,45.5,16.65,52.1,18/40 (45%),18/40 (45%),22/39 (56%),16/39 (41%),18/39 (46%),21/39 (54%),19/39 (49%),21/39 (54%),22/39 (56%),24/39 (62%),22/39 (56%),25/39 (64%),27/39 (69%),27/39 (69%),27/38 (71%),24/36 (67%),27/36 (75%),28/36 (78%),27/34 (79%),29/34 (85%),29/34 (85%),28/34 (82%),26/34 (76%),27/34 (79%)
ETRS,2026-10-07,10.8,50.54851346280232,29.6 - 56.4,10.73,False,تحت متوسط50,0.34,28.9,0.32,31.3,0.49,27.4,0.56,26.7,0.74,27.9,0.94,33.3,1.67,31.4,1.42,29.0,2.98,27.5,3.19,33.2,3.37,36.2,3.79,29.3,3.04,37.7,3.89,40.1,3.58,36.1,5.39,29.9,6.6,37.8,3.14,41.8,5.3,37.8,8.11,41.4,13.86,45.9,18.45,55.0,19.72,60.5,28.6,61.9,7/13 (54%),7/13 (54%),6/13 (46%),5/12 (42%),4/11 (36%),3/11 (27%),3/11 (27%),4/11 (36%),4/11 (36%),4/11 (36%),4/11 (36%),5/11 (45%),5/11 (45%),4/11 (36%),4/11 (36%),4/11 (36%),5/11 (45%),5/11 (45%),6/11 (55%),6/11 (55%),10/11 (91%),10/11 (91%),8/11 (73%),6/10 (60%)
FAIT,2026-10-07,45.59,54.369652375136006,40.3 - 67.6,45.86,False,زخم سعري,0.29,29.2,0.3,26.3,0.51,28.4,0.7,30.6,1.48,36.1,1.82,35.0,2.2,43.4,5.52,51.3,2.7,42.3,4.42,43.4,4.84,43.7,3.42,43.4,4.73,51.7,5.42,51.2,7.06,50.7,6.65,49.5,8.63,47.3,10.38,54.1,9.61,49.1,11.17,50.6,15.42,52.2,16.28,55.6,16.12,62.8,23.91,60.6,23/47 (49%),22/47 (47%),20/46 (43%),21/45 (47%),20/45 (44%),18/45 (40%),20/45 (44%),20/45 (44%),20/45 (44%),19/45 (42%),19/45 (42%),24/45 (53%),23/45 (51%),21/45 (47%),22/45 (49%),23/45 (51%),23/45 (51%),26/45 (58%),29/44 (66%),29/44 (66%),25/40 (62%),14/30 (47%),15/29 (52%),14/24 (58%)
FAITA,2026-10-07,1.01,65.05206476227168,43.2 - 65.1,0.99,True,ممتد - خطر مطاردة + سيولة عالية,0.41,15.5,0.29,9.7,0.35,11.6,0.27,9.7,0.47,14.6,0.11,9.3,0.82,9.7,1.04,10.4,1.2,8.9,1.07,15.2,1.15,9.5,-0.05,9.4,0.9,9.6,0.54,7.0,0.26,8.8,0.93,15.3,0.75,14.3,0.57,48.1,3.12,17.8,2.23,13.3,4.81,23.7,7.26,7.5,8.45,9.7,0.54,14.5,31/89 (35%),29/89 (33%),40/89 (45%),39/89 (44%),42/89 (47%),39/89 (44%),41/89 (46%),44/89 (49%),43/89 (48%),46/89 (52%),43/89 (48%),43/89 (48%),47/89 (53%),42/89 (47%),43/89 (48%),44/89 (49%),43/89 (48%),42/88 (48%),37/87 (43%),37/87 (43%),35/87 (40%),37/87 (43%),29/87 (33%),37/87 (43%)
FWRY,2026-10-07,19.06,54.15610634505145,30.0 - 55.6,18.82,False,هبوط>=10% من القمة + سيولة عالية,0.27,19.2,0.25,22.0,0.41,22.0,0.56,22.1,0.86,25.3,1.17,32.3,1.65,32.0,1.58,29.4,2.42,32.0,2.55,43.0,3.56,39.4,3.75,33.3,5.5,48.8,6.02,47.1,5.78,59.9,6.58,49.3,4.8,44.2,6.47,47.6,9.11,48.8,14.02,48.0,15.48,58.8,23.9,78.1,30.85,81.8,41.28,86.4,27/55 (49%),26/55 (47%),22/55 (40%),24/54 (44%),24/53 (45%),29/53 (55%),23/53 (43%),27/53 (51%),24/53 (45%),26/53 (49%),27/53 (51%),25/53 (47%),23/53 (43%),23/53 (43%),23/53 (43%),26/53 (49%),22/51 (43%),24/51 (47%),23/51 (45%),15/49 (31%),17/47 (36%),25/42 (60%),22/42 (52%),22/40 (55%)
GBCO,2026-10-07,31.01,52.45757365195919,43.6 - 63.7,30.67,False,زخم سعري,0.27,29.7,0.27,30.5,0.52,31.7,0.98,30.5,1.31,29.7,1.15,36.1,1.91,34.8,1.97,35.2,2.44,35.1,3.57,40.4,3.24,43.6,4.72,40.4,4.48,47.2,3.3,42.6,3.55,42.8,3.92,35.2,4.76,44.1,4.8,45.0,7.87,43.0,6.3,48.1,3.47,48.6,10.33,43.6,11.96,48.6,15.61,43.9,44/100 (44%),50/100 (50%),48/100 (48%),51/100 (51%),54/100 (54%),53/99 (54%),55/99 (56%),53/99 (54%),56/99 (57%),55/99 (56%),54/99 (55%),55/97 (57%),57/96 (59%),60/94 (64%),59/93 (63%),52/91 (57%),52/88 (59%),53/88 (60%),59/87 (68%),60/85 (71%),59/84 (70%),73/84 (87%),73/84 (87%),78/84 (93%)
ISPH,2026-10-07,11.7,39.78703274203067,31.4 - 46.3,12.04,False,هبوط>=15% من القمة + تحت متوسط50,0.16,28.5,0.13,28.7,0.36,45.9,0.45,40.2,1.3,38.8,1.54,41.2,1.76,40.8,1.11,35.4,2.28,48.6,1.68,39.6,2.54,51.4,5.16,47.6,5.81,49.6,6.27,58.3,6.64,52.4,6.77,50.7,7.2,54.1,7.96,60.2,8.68,56.8,12.57,56.5,15.76,65.5,22.62,59.9,32.91,76.6,38.77,78.9,8/21 (38%),8/21 (38%),8/20 (40%),7/19 (37%),8/19 (42%),9/18 (50%),8/18 (44%),9/18 (50%),8/18 (44%),8/18 (44%),7/18 (39%),10/17 (59%),7/16 (44%),7/16 (44%),7/16 (44%),8/16 (50%),8/16 (50%),9/16 (56%),13/16 (81%),15/16 (94%),16/16 (100%),16/16 (100%),16/16 (100%),16/16 (100%)
JUFO,2026-10-07,25.0,38.473631250837975,28.2 - 56.3,26.17,False,تحت متوسط50,0.07,29.9,0.09,26.8,0.29,34.3,0.45,30.8,0.82,30.2,1.1,33.7,0.9,25.5,1.02,29.0,1.16,35.4,1.1,26.4,1.38,31.8,0.85,43.2,1.8,46.5,4.46,50.8,2.51,48.5,3.74,57.5,6.85,49.5,10.03,48.5,13.27,47.4,15.1,52.2,17.22,56.2,26.08,55.2,21.83,71.6,30.86,70.4,4/11 (36%),5/11 (45%),6/10 (60%),6/10 (60%),7/10 (70%),8/10 (80%),6/10 (60%),6/10 (60%),5/10 (50%),4/10 (40%),5/10 (50%),4/10 (40%),4/10 (40%),4/10 (40%),5/10 (50%),7/10 (70%),9/10 (90%),9/10 (90%),10/10 (100%),8/8 (100%),7/7 (100%),7/7 (100%),7/7 (100%),7/7 (100%)
LCSW,2026-10-07,34.85,58.88073820493272,29.5 - 61.3,33.05,False,زخم سعري,0.33,30.9,0.31,30.8,1.03,36.4,0.97,31.5,0.6,26.4,1.24,32.5,1.86,39.4,2.51,36.3,2.87,42.6,2.59,36.0,3.5,43.8,3.42,38.9,4.56,45.7,6.9,43.3,6.69,41.9,6.13,41.9,3.96,40.1,5.66,42.5,8.04,44.0,6.32,48.6,8.47,48.3,11.85,50.1,12.28,54.1,25.12,55.8,13/27 (48%),13/27 (48%),14/27 (52%),15/27 (56%),16/27 (59%),14/27 (52%),14/27 (52%),14/27 (52%),17/27 (63%),18/27 (67%),18/27 (67%),19/27 (70%),18/27 (67%),20/27 (74%),20/27 (74%),21/27 (78%),19/27 (70%),20/26 (77%),17/26 (65%),19/25 (76%),16/25 (64%),9/23 (39%),16/23 (70%),9/16 (56%)
MASR,2026-10-07,7.86,53.882020820404094,31.2 - 53.9,7.68,False,هبوط>=10% من القمة,0.27,31.2,0.25,30.8,0.4,31.4,0.72,34.6,0.91,33.9,1.57,30.6,1.16,30.5,1.04,30.1,2.14,36.4,3.43,33.4,3.1,33.3,2.1,34.3,1.64,45.8,2.28,40.6,5.97,36.3,6.2,37.3,8.41,48.2,10.36,52.1,12.0,44.0,11.11,40.6,14.45,47.4,18.5,51.6,24.23,63.4,26.56,55.3,26/52 (50%),26/52 (50%),31/52 (60%),29/52 (56%),31/51 (61%),30/50 (60%),30/50 (60%),30/50 (60%),32/50 (64%),31/50 (62%),33/50 (66%),32/50 (64%),25/50 (50%),24/50 (48%),26/50 (52%),26/49 (53%),30/48 (62%),30/45 (67%),28/45 (62%),21/45 (47%),25/45 (56%),26/44 (59%),30/44 (68%),28/44 (64%)
MCQE,2026-10-07,196.73,44.15208549372062,27.9 - 54.7,206.47,False,هبوط>=15% من القمة + تحت متوسط50 + سيولة عالية,0.26,34.3,0.39,38.3,0.22,41.1,-0.15,38.9,-0.63,33.6,-4.25,24.0,-5.55,29.8,-6.2,19.2,-5.93,22.8,-6.68,13.8,-6.09,13.1,-4.79,16.2,-5.68,17.0,-2.2,15.4,-6.31,21.4,-3.37,23.2,0.6,36.7,0.09,29.9,3.72,36.1,8.66,34.6,7.15,52.3,5.9,55.2,9.46,71.9,10.99,55.3,2/3 (67%),2/3 (67%),1/2 (50%),1/2 (50%),1/2 (50%),1/2 (50%),2/2 (100%),1/2 (50%),1/2 (50%),1/2 (50%),1/2 (50%),1/2 (50%),1/2 (50%),1/2 (50%),1/2 (50%),1/2 (50%),1/2 (50%),1/2 (50%),1/2 (50%),1/2 (50%),1/2 (50%),1/2 (50%),2/2 (100%),2/2 (100%)
MFPC,2026-10-07,46.5,53.35600950041805,47.5 - 75.4,47.17,False,زخم سعري,0.22,31.3,0.23,29.1,0.36,35.1,0.56,31.0,0.69,32.1,0.68,27.5,1.04,26.9,1.59,28.4,1.57,31.6,2.06,30.2,2.61,32.8,2.88,34.2,5.37,31.0,2.65,33.3,4.36,41.2,4.32,40.4,5.23,44.8,6.89,43.4,9.75,45.9,9.23,40.3,7.77,41.4,15.78,50.3,22.95,46.3,25.04,54.6,35/70 (50%),34/70 (49%),32/69 (46%),30/68 (44%),28/67 (42%),26/67 (39%),28/67 (42%),31/67 (46%),31/67 (46%),33/67 (49%),32/67 (48%),31/67 (46%),29/67 (43%),29/67 (43%),30/67 (45%),29/67 (43%),34/67 (51%),39/67 (58%),43/67 (64%),46/67 (69%),50/67 (75%),61/67 (91%),62/64 (97%),62/63 (98%)
MPCO,2026-10-07,2.39,46.92321144583652,46.9 - 70.5,2.59,False,هبوط>=15% من القمة,0.01,29.2,-0.01,29.0,-0.33,40.2,-0.47,36.0,-2.73,31.2,-2.26,25.2,-2.37,19.0,-4.02,19.2,-4.63,15.6,-7.83,30.5,-4.43,20.2,-7.86,28.7,-9.23,14.9,-10.7,12.5,-11.01,13.0,-8.47,16.4,-5.17,20.9,-6.08,27.3,-4.62,36.3,0.56,36.2,1.76,38.0,3.95,41.2,9.05,36.5,8.01,38.8,28/63 (44%),27/63 (43%),27/62 (44%),28/61 (46%),28/61 (46%),37/60 (62%),36/60 (60%),41/60 (68%),41/60 (68%),42/60 (70%),44/60 (73%),45/60 (75%),46/60 (77%),45/60 (75%),45/60 (75%),44/60 (73%),43/60 (72%),43/60 (72%),41/60 (68%),43/60 (72%),41/60 (68%),46/60 (77%),44/54 (81%),48/53 (91%)
MTIE,2026-10-07,8.06,42.95214203571595,30.9 - 48.4,8.2,False,هبوط>=15% من القمة + تحت متوسط50,0.2,25.6,0.19,23.7,0.34,34.2,0.59,33.7,0.39,31.3,0.68,38.4,1.29,36.6,1.25,32.9,1.43,33.9,1.11,36.2,1.42,36.0,2.3,46.3,2.38,43.0,3.89,50.7,4.23,43.1,3.78,45.9,5.44,48.2,7.12,50.9,8.83,53.3,10.39,62.8,12.08,56.2,21.87,60.4,23.3,76.6,31.1,69.8,6/20 (30%),6/20 (30%),6/19 (32%),9/18 (50%),9/17 (53%),11/17 (65%),10/17 (59%),9/17 (53%),7/17 (41%),5/17 (29%),4/17 (24%),3/17 (18%),3/16 (19%),3/16 (19%),3/16 (19%),2/16 (12%),6/16 (38%),9/16 (56%),12/16 (75%),14/16 (88%),15/16 (94%),15/16 (94%),16/16 (100%),16/16 (100%)
OCDI,2026-10-07,27.32,40.51437891831071,23.4 - 42.3,28.59,False,هبوط>=15% من القمة + تحت متوسط50,0.46,34.1,0.45,34.4,1.04,41.4,0.66,43.5,0.93,44.4,1.78,32.8,-0.09,43.8,2.79,43.7,1.14,56.9,3.49,44.6,1.9,61.0,0.98,58.8,2.33,48.3,5.53,57.0,4.31,53.5,4.79,44.5,3.1,56.8,8.88,55.6,14.91,54.8,11.43,49.0,9.6,49.1,12.2,65.3,17.03,61.1,22.45,60.1,3/4 (75%),3/4 (75%),2/3 (67%),2/3 (67%),2/3 (67%),2/3 (67%),2/3 (67%),2/3 (67%),2/3 (67%),2/3 (67%),2/3 (67%),2/3 (67%),2/3 (67%),2/3 (67%),2/3 (67%),2/3 (67%),2/3 (67%),1/3 (33%),1/3 (33%),1/3 (33%),1/3 (33%),2/3 (67%),2/3 (67%),2/3 (67%)
OLFI,2026-10-07,21.09,32.26421763619534,32.1 - 48.9,22.14,False,هبوط>=15% من القمة + تحت متوسط50,-0.03,22.6,-0.03,22.7,0.05,25.9,0.29,29.4,0.82,30.9,0.43,29.2,-0.24,28.5,1.27,35.2,1.27,29.2,0.54,28.4,1.67,38.5,1.98,45.3,3.18,44.8,1.93,50.4,3.41,47.3,5.64,63.3,5.14,46.7,6.47,43.2,9.87,46.7,13.21,55.3,13.55,52.3,19.13,53.5,25.39,64.7,32.94,64.9,15/39 (38%),15/39 (38%),13/38 (34%),15/37 (41%),15/36 (42%),18/35 (51%),19/34 (56%),18/34 (53%),19/34 (56%),17/34 (50%),16/34 (47%),15/34 (44%),19/34 (56%),17/34 (50%),17/34 (50%),18/34 (53%),18/34 (53%),18/34 (53%),21/34 (62%),23/34 (68%),23/34 (68%),22/34 (65%),30/34 (88%),32/33 (97%)
ORAS,2026-10-07,877.02,62.434171101278615,39.1 - 62.4,834.67,True,ممتد - خطر مطاردة + سيولة عالية,0.49,33.3,0.54,31.6,1.0,39.4,1.25,39.4,1.67,40.4,2.73,46.1,2.82,58.1,3.2,42.5,3.78,48.3,4.03,55.8,4.46,39.5,3.6,45.5,4.29,44.6,4.94,48.6,6.22,48.5,6.47,48.1,8.62,45.6,4.65,38.4,7.54,46.1,7.47,41.4,6.95,42.1,14.28,54.0,23.04,57.5,23.92,62.6,4/6 (67%),4/6 (67%),3/6 (50%),3/6 (50%),3/6 (50%),3/6 (50%),3/6 (50%),3/6 (50%),4/6 (67%),3/6 (50%),2/6 (33%),1/6 (17%),1/6 (17%),2/6 (33%),3/6 (50%),2/6 (33%),2/6 (33%),3/6 (50%),4/6 (67%),4/6 (67%),5/6 (83%),6/6 (100%),6/6 (100%),6/6 (100%)
ORHD,2026-10-07,12.0,39.738804943175,29.0 - 52.6,12.58,False,هبوط>=10% من القمة + تحت متوسط50,0.18,28.3,0.17,29.8,0.28,34.2,0.26,32.9,0.3,40.2,-0.01,35.9,1.09,36.1,1.9,30.3,2.2,36.2,1.42,30.2,2.14,34.9,2.45,38.5,2.88,32.9,1.44,39.9,2.09,33.4,2.52,37.1,5.16,38.4,5.42,31.7,4.87,39.1,7.64,51.8,8.01,34.2,18.67,50.8,23.63,68.0,28.54,73.8,6/12 (50%),6/12 (50%),8/11 (73%),5/10 (50%),6/9 (67%),6/9 (67%),5/9 (56%),6/9 (67%),6/9 (67%),6/9 (67%),6/9 (67%),6/9 (67%),6/9 (67%),5/9 (56%),4/9 (44%),6/9 (67%),7/9 (78%),7/9 (78%),7/9 (78%),7/9 (78%),9/9 (100%),8/9 (89%),9/9 (100%),9/9 (100%)
ORWE,2026-10-07,27.14,50.83881730468214,48.2 - 59.9,27.3,False,زخم سعري,0.09,27.3,0.11,31.1,0.34,25.7,0.34,22.6,0.43,29.4,0.68,27.3,0.89,27.4,1.27,24.5,1.11,37.7,1.4,25.4,0.71,27.4,0.8,29.8,1.57,27.9,1.88,30.6,2.63,33.1,2.76,26.6,4.76,38.9,4.71,43.4,9.17,50.5,10.04,49.5,9.77,46.6,14.11,45.0,22.75,50.3,22.55,51.8,47/114 (41%),48/114 (42%),47/113 (42%),44/112 (39%),43/112 (38%),46/112 (41%),46/112 (41%),49/112 (44%),50/111 (45%),51/111 (46%),42/111 (38%),48/110 (44%),50/109 (46%),56/109 (51%),59/109 (54%),63/109 (58%),68/109 (62%),70/108 (65%),87/108 (81%),78/105 (74%),68/104 (65%),63/94 (67%),59/92 (64%),53/90 (59%)
PHDC,2026-10-07,12.93,36.06878534503433,24.3 - 40.3,13.39,False,هبوط>=15% من القمة + تحت متوسط50,0.29,26.1,0.21,29.0,0.52,36.0,0.7,36.6,0.47,38.7,1.24,38.8,1.67,37.4,1.68,41.0,3.37,40.6,2.1,45.0,3.44,41.1,3.75,46.2,4.75,60.6,3.75,65.2,7.35,64.7,4.53,56.9,6.65,62.5,6.67,65.2,9.81,69.9,11.41,62.9,14.21,61.6,29.14,67.9,27.56,80.6,34.64,79.3,23/46 (50%),23/46 (50%),19/45 (42%),20/45 (44%),21/44 (48%),22/43 (51%),22/42 (52%),25/42 (60%),26/42 (62%),23/42 (55%),22/41 (54%),19/39 (49%),21/39 (54%),21/39 (54%),24/39 (62%),27/39 (69%),24/39 (62%),27/39 (69%),29/39 (74%),28/39 (72%),30/39 (77%),31/39 (79%),31/39 (79%),31/39 (79%)
RACC,2026-10-07,9.32,44.64064569823905,30.7 - 47.7,9.47,False,هبوط>=15% من القمة + تحت متوسط50,0.25,30.8,0.23,29.9,0.45,38.2,0.81,37.9,1.08,36.9,1.45,46.9,1.75,42.3,2.67,35.4,2.93,44.4,3.01,45.0,3.61,43.0,4.9,50.2,4.63,49.8,8.02,51.8,5.98,55.1,5.89,49.3,6.7,54.6,8.37,52.0,9.21,48.3,10.73,52.8,14.23,52.8,23.74,67.3,34.29,72.4,35.92,80.0,5/14 (36%),5/14 (36%),7/13 (54%),6/12 (50%),4/11 (36%),2/11 (18%),2/11 (18%),2/11 (18%),2/11 (18%),2/11 (18%),2/11 (18%),3/11 (27%),4/10 (40%),3/10 (30%),4/10 (40%),4/10 (40%),4/10 (40%),4/10 (40%),4/10 (40%),4/10 (40%),5/10 (50%),5/10 (50%),4/10 (40%),10/10 (100%)
RAYA,2026-10-07,6.6,43.3376218845498,23.6 - 47.1,6.8,False,هبوط>=15% من القمة + تحت متوسط50,0.27,33.6,0.24,30.6,0.41,33.8,1.13,37.2,0.74,38.7,1.05,47.8,2.57,50.1,2.49,41.1,2.75,52.3,2.34,54.2,4.05,48.9,5.18,53.5,3.46,47.4,5.08,42.5,4.07,51.7,4.0,43.2,7.47,47.0,8.35,42.9,10.27,50.6,8.54,47.9,9.81,39.2,17.47,41.7,22.26,51.1,25.12,66.8,5/9 (56%),5/9 (56%),4/8 (50%),4/7 (57%),3/6 (50%),2/6 (33%),3/6 (50%),1/6 (17%),3/6 (50%),4/6 (67%),4/6 (67%),3/6 (50%),3/6 (50%),5/6 (83%),4/6 (67%),2/6 (33%),1/6 (17%),2/6 (33%),0/6 (0%),2/6 (33%),3/6 (50%),2/6 (33%),3/6 (50%),3/6 (50%)
RMDA,2026-10-07,5.41,37.40181742905861,30.0 - 50.1,5.78,False,هبوط>=15% من القمة + تحت متوسط50,0.42,36.2,0.27,33.5,0.79,37.9,1.66,47.3,2.27,47.9,3.86,45.2,2.6,44.9,3.01,44.6,2.68,41.0,3.44,51.0,2.96,53.0,4.34,62.8,3.24,58.9,5.48,57.2,6.46,64.2,7.71,56.1,3.83,58.9,8.81,55.9,9.54,53.2,11.47,57.9,10.7,49.8,19.04,66.8,25.56,74.3,34.33,78.2,4/13 (31%),4/13 (31%),4/12 (33%),5/11 (45%),4/10 (40%),1/10 (10%),1/10 (10%),0/10 (0%),1/10 (10%),0/10 (0%),0/10 (0%),0/10 (0%),0/10 (0%),0/10 (0%),0/10 (0%),0/10 (0%),0/10 (0%),0/10 (0%),3/10 (30%),3/10 (30%),4/10 (40%),7/10 (70%),9/10 (90%),9/10 (90%)
SAUD,2026-10-07,23.12,48.495414438400616,37.5 - 70.7,23.42,False,تحت متوسط50,0.23,29.8,0.21,26.8,0.42,31.0,0.49,33.1,0.55,28.0,0.55,30.6,0.69,28.4,1.02,26.3,1.12,21.4,1.03,24.4,1.44,28.7,1.38,29.1,1.24,24.9,1.51,30.5,1.96,26.1,2.11,30.8,3.72,26.2,4.39,35.5,8.19,39.6,8.66,38.2,8.04,39.2,17.4,38.9,23.0,47.5,18.02,53.1,15/35 (43%),17/35 (49%),17/34 (50%),17/33 (52%),16/33 (48%),16/33 (48%),18/33 (55%),19/33 (58%),18/33 (55%),18/33 (55%),19/33 (58%),19/33 (58%),20/33 (61%),22/33 (67%),22/33 (67%),21/33 (64%),24/33 (73%),24/33 (73%),26/33 (79%),25/33 (76%),28/33 (85%),22/29 (76%),22/28 (79%),23/28 (82%)
SKPC,2026-10-07,16.19,37.72754672779457,28.7 - 60.8,17.2,False,هبوط>=15% من القمة + تحت متوسط50,0.32,30.6,0.25,28.6,0.44,34.0,0.48,39.7,0.84,42.0,1.98,43.6,1.53,38.7,1.3,42.4,1.98,43.7,2.15,48.2,1.25,47.8,2.57,51.0,5.1,60.8,5.96,56.2,3.65,58.5,5.04,56.5,4.7,50.9,8.15,52.5,10.64,47.5,13.56,49.3,13.73,50.7,16.94,56.0,30.38,74.8,36.69,75.7,13/24 (54%),13/24 (54%),12/23 (52%),14/22 (64%),13/21 (62%),13/21 (62%),14/21 (67%),16/21 (76%),15/21 (71%),14/21 (67%),13/21 (62%),14/21 (67%),14/21 (67%),15/21 (71%),13/21 (62%),14/21 (67%),16/21 (76%),12/21 (57%),19/21 (90%),20/21 (95%),19/21 (90%),13/14 (93%),12/13 (92%),13/13 (100%)
SWDY,2026-10-07,116.0,45.55693279914293,27.6 - 58.0,120.52,True,ممتد - خطر مطاردة + هبوط>=15% من القمة + تحت متوسط50,0.32,33.1,0.14,33.6,0.65,40.6,1.58,45.2,2.23,46.9,3.08,49.3,4.2,41.4,5.17,48.7,3.04,39.8,5.92,58.6,4.57,44.3,5.95,38.8,6.33,35.4,8.27,37.6,6.67,59.6,9.24,51.0,11.75,46.7,10.66,52.5,10.85,62.7,12.77,60.6,9.62,53.8,19.36,55.1,21.86,64.3,23.09,65.1,1/2 (50%),1/2 (50%),1/1 (100%),1/1 (100%),1/1 (100%),1/1 (100%),1/1 (100%),1/1 (100%),1/1 (100%),1/1 (100%),1/1 (100%),1/1 (100%),1/1 (100%),1/1 (100%),1/1 (100%),1/1 (100%),1/1 (100%),1/1 (100%),1/1 (100%),1/1 (100%),1/1 (100%),1/1 (100%),1/1 (100%),1/1 (100%)
TALM,2026-10-07,21.71,60.50741307468867,44.1 - 62.2,20.84,True,ممتد - خطر مطاردة,0.95,37.2,0.66,33.4,1.2,44.3,2.0,38.4,0.35,38.0,1.76,35.7,1.9,49.4,3.26,36.7,3.82,27.6,4.37,45.7,1.43,28.3,1.06,31.6,-0.81,32.2,-0.91,25.1,-2.04,26.1,-1.58,25.7,1.21,33.7,-5.21,36.2,5.39,39.6,3.52,54.3,-4.42,49.2,11.62,44.6,8.97,44.8,0.08,38.1,1/5 (20%),1/5 (20%),1/4 (25%),1/3 (33%),1/3 (33%),2/3 (67%),2/3 (67%),1/3 (33%),1/3 (33%),2/3 (67%),2/3 (67%),2/3 (67%),1/2 (50%),1/2 (50%),1/2 (50%),1/2 (50%),1/2 (50%),2/2 (100%),2/2 (100%),2/2 (100%),2/2 (100%),2/2 (100%),2/2 (100%),2/2 (100%)
TMGH,2026-10-07,87.89,29.78414718971746,21.6 - 38.8,92.08,False,RSI<30 + هبوط>=10% من القمة + تحت متوسط50,0.27,24.9,0.18,24.5,0.37,30.5,0.62,31.0,1.47,42.6,2.56,27.8,1.44,29.9,1.3,32.4,1.66,28.0,1.39,28.9,2.73,34.2,3.27,48.2,3.61,35.2,4.22,43.3,4.05,51.7,3.19,40.3,5.22,49.6,8.94,41.6,10.76,51.9,15.74,50.6,16.05,51.5,19.58,60.4,45.64,82.7,44.16,78.4,1/4 (25%),1/4 (25%),0/3 (0%),0/2 (0%),0/1 (0%),0/1 (0%),0/1 (0%),0/1 (0%),0/1 (0%),0/1 (0%),0/1 (0%),لا سوابق,لا سوابق,لا سوابق,لا سوابق,لا سوابق,لا سوابق,لا سوابق,لا سوابق,لا سوابق,لا سوابق,لا سوابق,لا سوابق,لا سوابق
